base_ang_vel_x,base_ang_vel_y,base_ang_vel_z,projected_gravity_x,projected_gravity_y,projected_gravity_z,velocity_command_x,velocity_command_y,velocity_command_z,joint_pos_0,joint_pos_1,joint_pos_2,joint_pos_3,joint_pos_4,joint_pos_5,joint_pos_6,joint_pos_7,joint_pos_8,joint_pos_9,joint_pos_10,joint_pos_11,joint_vel_0,joint_vel_1,joint_vel_2,joint_vel_3,joint_vel_4,joint_vel_5,joint_vel_6,joint_vel_7,joint_vel_8,joint_vel_9,joint_vel_10,joint_vel_11,action_0,action_1,action_2,action_3,action_4,action_5,action_6,action_7,action_8,action_9,action_10,action_11
-1.9201522316603103e-10,2.9154855613056085e-11,1.1513493541263735e-14,-2.0856664377788547e-06,-2.3201778276416007e-09,1.0,0.031341552734375,-0.031982421875,-0.031982421875,-0.06218744069337845,-0.10876953601837158,0.1885366439819336,0.062179286032915115,-0.10876351594924927,-2.811462879180908,-0.06218340992927551,-0.3087623715400696,-2.81146240234375,0.06218363344669342,-0.3087625503540039,-2.811462640762329,-4.039123879806539e-08,-1.0267002359398703e-08,-1.076187139403828e-09,-9.286205937542036e-08,8.881478663624875e-08,1.1089727358637447e-08,2.5485960009064e-08,1.0798978422599248e-07,1.4083963328914706e-08,-2.1845265152364846e-08,1.0461883448442677e-07,1.36624551672071e-08,0.0,0.0,0.0,0.0,0.0,0.0,0.0,0.0,0.0,0.0,0.0,0.0
